<?xml version="1.0" encoding="UTF-8"?>
<!DOCTYPE mapper
        PUBLIC "-//mybatis.org//DTD Mapper 3.0//EN"
        "http://mybatis.org/dtd/mybatis-3-mapper.dtd">
<mapper namespace="com.yuki.cloudcompute.mapper.PhoneMapper">

    <resultMap id="BaseResultMap" type="com.yuki.cloudcompute.entity.Phone">
            <result property="dayId" column="day_id" jdbcType="TIMESTAMP"/>
            <result property="callingNbr" column="calling_nbr" jdbcType="VARCHAR"/>
            <result property="calledNbr" column="called_nbr" jdbcType="VARCHAR"/>
            <result property="callingOptr" column="calling_optr" jdbcType="CHAR"/>
            <result property="calledOptr" column="called_optr" jdbcType="CHAR"/>
            <result property="callingCity" column="calling_city" jdbcType="VARCHAR"/>
            <result property="calledCity" column="called_city" jdbcType="VARCHAR"/>
            <result property="calllingRoamCity" column="callling_roam_city" jdbcType="VARCHAR"/>
            <result property="calledRoamCity" column="called_roam_city" jdbcType="VARCHAR"/>
            <result property="startTime" column="start_time" jdbcType="TIMESTAMP"/>
            <result property="endTime" column="end_time" jdbcType="TIMESTAMP"/>
            <result property="rawDur" column="raw_dur" jdbcType="INTEGER"/>
            <result property="callType" column="call_type" jdbcType="CHAR"/>
            <result property="callingCell" column="calling_cell" jdbcType="VARCHAR"/>
    </resultMap>

    <sql id="Base_Column_List">
        day_id,calling_nbr,called_nbr,
        calling_optr,called_optr,calling_city,
        called_city,callling_roam_city,called_roam_city,
        start_time,end_time,raw_dur,
        call_type,calling_cell
    </sql>
    <select id="getAll" resultType="com.yuki.cloudcompute.entity.Phone">
        select * from phone order by day_id limit 500
    </select>
    <select id="callingProblemOne" resultType="com.alibaba.fastjson.JSONObject">
        select calling_nbr ,count(1)/count(distinct(day_id)) times,count(1)/29 times2 from phone
        group by calling_nbr order by times desc
    </select>

    <select id="calledProblemOne" resultType="com.alibaba.fastjson.JSONObject">
        select called_nbr ,count(1)/count(distinct(day_id)) times,count(1)/29 times2 from phone
        group by called_nbr order by times desc
    </select>

    <select id="callingProblemTwo" resultType="com.alibaba.fastjson.JSONObject">
        select calling_optr,call_type,count(1) times from phone
        group by calling_optr,call_type
    </select>

    <select id="calledProblemTwo" resultType="com.alibaba.fastjson.JSONObject">
        select called_optr,call_type,count(1) times from phone
        group by called_optr,call_type
    </select>

    <select id="beforeProblemThree" resultType="com.alibaba.fastjson.JSONObject">
        select calling_nbr,sum(raw_dur) as rawDur
        from phone group by calling_nbr order by rawDur desc
    </select>
    <select id="callingProblemThree" resultType="com.alibaba.fastjson.JSONObject">
        select start_time,end_time,calling_nbr
        from phone
    </select>


</mapper>
